-- phpMyAdmin SQL Dump
-- version 5.2.1
-- https://www.phpmyadmin.net/
--
-- Host: mysql
-- Generation Time: Apr 28, 2025 at 02:30 AM
-- Server version: 5.7.44
-- PHP Version: 8.2.23

SET SQL_MODE = "NO_AUTO_VALUE_ON_ZERO";
START TRANSACTION;
SET time_zone = "+00:00";


/*!40101 SET @OLD_CHARACTER_SET_CLIENT=@@CHARACTER_SET_CLIENT */;
/*!40101 SET @OLD_CHARACTER_SET_RESULTS=@@CHARACTER_SET_RESULTS */;
/*!40101 SET @OLD_COLLATION_CONNECTION=@@COLLATION_CONNECTION */;
/*!40101 SET NAMES utf8mb4 */;

--
-- Database: `yii2advanced`
--

-- --------------------------------------------------------

--
-- Table structure for table `answer`
--

CREATE TABLE `answer` (
  `id` int(11) NOT NULL,
  `question_id` int(11) NOT NULL,
  `answer` text COLLATE utf8mb4_unicode_ci,
  `img_path` varchar(255) COLLATE utf8mb4_unicode_ci DEFAULT NULL
) ENGINE=InnoDB DEFAULT CHARSET=utf8mb4 COLLATE=utf8mb4_unicode_ci;

--
-- Dumping data for table `answer`
--

INSERT INTO `answer` (`id`, `question_id`, `answer`, `img_path`) VALUES
(410, 105, 'Фвцвцд вбвцв', NULL),
(411, 105, 'Лаьуцда', NULL),
(412, 105, 'Купкуплкп', NULL),
(413, 105, 'квпкулпкудп', NULL),
(414, 106, 'Фвцвцд вбвцв', NULL),
(415, 106, 'Лаьуцда', NULL),
(416, 106, 'Купкуплкп', NULL),
(417, 106, 'квпкулпкудп', NULL),
(418, 107, 'Фвцвцд вбвцв', NULL),
(419, 107, 'Лаьуцда', NULL),
(420, 107, 'Купкуплкп', NULL),
(421, 107, 'Квпкулпкудп', NULL),
(422, 108, 'Фвцвцд вбвцв', NULL),
(423, 108, 'Лаьуцда', NULL),
(424, 108, 'Купкуплкп', NULL),
(425, 108, 'квпкулпкудп', NULL),
(426, 109, 'Фвцвцд вбвцв', NULL),
(427, 109, 'Лаьуцда', NULL),
(428, 109, 'Купкуплкп', NULL),
(429, 109, 'Квпкулпкудп', NULL),
(430, 110, 'Фвцвцд вбвцв', NULL),
(431, 110, 'Лаьуцда', NULL),
(432, 110, 'Купкуплкп', NULL),
(433, 110, 'квпкулпкудп', NULL),
(434, 111, 'Фвцвцд вбвцв', NULL),
(435, 111, 'Лаьуцда', NULL),
(436, 111, 'Купкуплкп', NULL),
(437, 111, 'квпкулпкудп', NULL),
(438, 112, 'Фвцвцд вбвцв', NULL),
(439, 112, 'Лаьуцда', NULL),
(440, 112, 'Купкуплкп', NULL),
(441, 112, 'Квпкулпкудп', NULL),
(442, 113, 'Фвцвцд вбвцв', NULL),
(443, 113, 'Лаьуцда', NULL),
(444, 113, 'Купкуплкп', NULL),
(445, 113, 'квпкулпкудп', NULL),
(446, 114, 'Фвцвцд вбвцв', NULL),
(447, 114, 'Лаьуцда', NULL),
(448, 114, 'Купкуплкп', NULL),
(449, 114, 'Квпкулпкудп', NULL),
(450, 115, 'Фвцвцд вбвцв', NULL),
(451, 115, 'Лаьуцда', NULL),
(452, 115, 'Купкуплкп', NULL),
(453, 115, 'квпкулпкудп', NULL),
(454, 116, 'Фвцвцд вбвцв', NULL),
(455, 116, 'Лаьуцда', NULL),
(456, 116, 'Купкуплкп', NULL),
(457, 116, 'квпкулпкудп', NULL),
(458, 117, 'Фвцвцд вбвцв', NULL),
(459, 117, 'Лаьуцда', NULL),
(460, 117, 'Купкуплкп', NULL),
(461, 117, 'Квпкулпкудп', NULL),
(462, 118, 'Фвцвцд вбвцв', NULL),
(463, 118, 'Лаьуцда', NULL),
(464, 118, 'Купкуплкп', NULL),
(465, 118, 'квпкулпкудп', NULL),
(466, 119, 'Фвцвцд вбвцв', NULL),
(467, 119, 'Лаьуцда', NULL),
(468, 119, 'Купкуплкп', NULL),
(469, 119, 'Квпкулпкудп', NULL),
(470, 120, 'Фвцвцд вбвцв', NULL),
(471, 120, 'Лаьуцда', NULL),
(472, 120, 'Купкуплкп', NULL),
(473, 120, 'квпкулпкудп', NULL),
(474, 121, 'Фвцвцд вбвцв', NULL),
(475, 121, 'Лаьуцда', NULL),
(476, 121, 'Купкуплкп', NULL),
(477, 121, 'квпкулпкудп', NULL),
(478, 122, 'Фвцвцд вбвцв', NULL),
(479, 122, 'Лаьуцда', NULL),
(480, 122, 'Купкуплкп', NULL),
(481, 122, 'Квпкулпкудп', NULL),
(482, 123, 'Фвцвцд вбвцв', NULL),
(483, 123, 'Лаьуцда', NULL),
(484, 123, 'Купкуплкп', NULL),
(485, 123, 'квпкулпкудп', NULL),
(486, 124, 'Фвцвцд вбвцв', NULL),
(487, 124, 'Лаьуцда', NULL),
(488, 124, 'Купкуплкп', NULL),
(489, 124, 'Квпкулпкудп', NULL),
(490, 125, 'Фвцвцд вбвцв', NULL),
(491, 125, 'Лаьуцда', NULL),
(492, 125, 'Купкуплкп', NULL),
(493, 125, 'квпкулпкудп', NULL),
(494, 126, 'Фвцвцд вбвцв', NULL),
(495, 126, 'Лаьуцда', NULL),
(496, 126, 'Купкуплкп', NULL),
(497, 126, 'квпкулпкудп', NULL),
(498, 127, 'Фвцвцд вбвцв', NULL),
(499, 127, 'Лаьуцда', NULL),
(500, 127, 'Купкуплкп', NULL),
(501, 127, 'Квпкулпкудп', NULL),
(502, 128, 'Фвцвцд вбвцв', NULL),
(503, 128, 'Лаьуцда', NULL),
(504, 128, 'Купкуплкп', NULL),
(505, 128, 'квпкулпкудп', NULL),
(506, 129, 'Фвцвцд вбвцв', NULL),
(507, 129, 'Лаьуцда', NULL),
(508, 129, 'Купкуплкп', NULL),
(509, 129, 'Квпкулпкудп', NULL),
(510, 130, 'Фвцвцд вбвцв', NULL),
(511, 130, 'Лаьуцда', NULL),
(512, 130, 'Купкуплкп', NULL),
(513, 130, 'квпкулпкудп', NULL),
(514, 131, 'Фвцвцд вбвцв', NULL),
(515, 131, 'Лаьуцда', NULL),
(516, 131, 'Купкуплкп', NULL),
(517, 131, 'квпкулпкудп', NULL),
(518, 132, 'Фвцвцд вбвцв', NULL),
(519, 132, 'Лаьуцда', NULL),
(520, 132, 'Купкуплкп', NULL),
(521, 132, 'Квпкулпкудп', NULL),
(522, 133, 'Фвцвцд вбвцв', NULL),
(523, 133, 'Лаьуцда', NULL),
(524, 133, 'Купкуплкп', NULL),
(525, 133, 'квпкулпкудп', NULL),
(526, 134, 'Фвцвцд вбвцв', NULL),
(527, 134, 'Лаьуцда', NULL),
(528, 134, 'Купкуплкп', NULL),
(529, 134, 'Квпкулпкудп', NULL),
(530, 135, 'Фвцвцд вбвцв', NULL),
(531, 135, 'Лаьуцда', NULL),
(532, 135, 'Купкуплкп', NULL),
(533, 135, 'квпкулпкудп', NULL),
(534, 136, 'Фвцвцд вбвцв', NULL),
(535, 136, 'Лаьуцда', NULL),
(536, 136, 'Купкуплкп', NULL),
(537, 136, 'квпкулпкудп', NULL),
(538, 137, 'Фвцвцд вбвцв', NULL),
(539, 137, 'Лаьуцда', NULL),
(540, 137, 'Купкуплкп', NULL),
(541, 137, 'Квпкулпкудп', NULL),
(542, 138, 'Фвцвцд вбвцв', NULL),
(543, 138, 'Лаьуцда', NULL),
(544, 138, 'Купкуплкп', NULL),
(545, 138, 'квпкулпкудп', NULL),
(546, 139, 'Фвцвцд вбвцв', NULL),
(547, 139, 'Лаьуцда', NULL),
(548, 139, 'Купкуплкп', NULL),
(549, 139, 'Квпкулпкудп', NULL),
(550, 140, 'Фвцвцд вбвцв', NULL),
(551, 140, 'Лаьуцда', NULL),
(552, 140, 'Купкуплкп', NULL),
(553, 140, 'квпкулпкудп', NULL),
(554, 141, 'Фвцвцд вбвцв', NULL),
(555, 141, 'Лаьуцда', NULL),
(556, 141, 'Купкуплкп', NULL),
(557, 141, 'квпкулпкудп', NULL),
(558, 142, 'Фвцвцд вбвцв', NULL),
(559, 142, 'Лаьуцда', NULL),
(560, 142, 'Купкуплкп', NULL),
(561, 142, 'Квпкулпкудп', NULL),
(562, 143, 'Фвцвцд вбвцв', NULL),
(563, 143, 'Лаьуцда', NULL),
(564, 143, 'Купкуплкп', NULL),
(565, 143, 'квпкулпкудп', NULL),
(566, 144, 'Фвцвцд вбвцв', NULL),
(567, 144, 'Лаьуцда', NULL),
(568, 144, 'Купкуплкп', NULL),
(569, 144, 'Квпкулпкудп', NULL),
(570, 145, 'Фвцвцд вбвцв', NULL),
(571, 145, 'Лаьуцда', NULL),
(572, 145, 'Купкуплкп', NULL),
(573, 145, 'квпкулпкудп', NULL),
(574, 146, 'Фвцвцд вбвцв', NULL),
(575, 146, 'Лаьуцда', NULL),
(576, 146, 'Купкуплкп', NULL),
(577, 146, 'квпкулпкудп', NULL),
(578, 147, 'Фвцвцд вбвцв', NULL),
(579, 147, 'Лаьуцда', NULL),
(580, 147, 'Купкуплкп', NULL),
(581, 147, 'Квпкулпкудп', NULL),
(582, 148, 'Фвцвцд вбвцв', NULL),
(583, 148, 'Лаьуцда', NULL),
(584, 148, 'Купкуплкп', NULL),
(585, 148, 'квпкулпкудп', NULL),
(586, 149, 'Фвцвцд вбвцв', NULL),
(587, 149, 'Лаьуцда', NULL),
(588, 149, 'Купкуплкп', NULL),
(589, 149, 'Квпкулпкудп', NULL),
(590, 150, 'Фвцвцд вбвцв', NULL),
(591, 150, 'Лаьуцда', NULL),
(592, 150, 'Купкуплкп', NULL),
(593, 150, 'квпкулпкудп', NULL),
(594, 151, 'Фвцвцд вбвцв', NULL),
(595, 151, 'Лаьуцда', NULL),
(596, 151, 'Купкуплкп', NULL),
(597, 151, 'квпкулпкудп', NULL),
(598, 152, 'Фвцвцд вбвцв', NULL),
(599, 152, 'Лаьуцда', NULL),
(600, 152, 'Купкуплкп', NULL),
(601, 152, 'Квпкулпкудп', NULL),
(602, 153, 'Фвцвцд вбвцв', NULL),
(603, 153, 'Лаьуцда', NULL),
(604, 153, 'Купкуплкп', NULL),
(605, 153, 'квпкулпкудп', NULL),
(606, 154, 'Фвцвцд вбвцв', NULL),
(607, 154, 'Лаьуцда', NULL),
(608, 154, 'Купкуплкп', NULL),
(609, 154, 'Квпкулпкудп', NULL),
(610, 155, 'Фвцвцд вбвцв', NULL),
(611, 155, 'Лаьуцда', NULL),
(612, 155, 'Купкуплкп', NULL),
(613, 155, 'квпкулпкудп', NULL),
(614, 156, 'Фвцвцд вбвцв', NULL),
(615, 156, 'Лаьуцда', NULL),
(616, 156, 'Купкуплкп', NULL),
(617, 156, 'квпкулпкудп', NULL),
(618, 157, 'Фвцвцд вбвцв', NULL),
(619, 157, 'Лаьуцда', NULL),
(620, 157, 'Купкуплкп', NULL),
(621, 157, 'Квпкулпкудп', NULL),
(622, 158, 'Фвцвцд вбвцв', NULL),
(623, 158, 'Лаьуцда', NULL),
(624, 158, 'Купкуплкп', NULL),
(625, 158, 'квпкулпкудп', NULL),
(626, 159, 'Фвцвцд вбвцв', NULL),
(627, 159, 'Лаьуцда', NULL),
(628, 159, 'Купкуплкп', NULL),
(629, 159, 'Квпкулпкудп', NULL),
(630, 160, 'Фвцвцд вбвцв', NULL),
(631, 160, 'Лаьуцда', NULL),
(632, 160, 'Купкуплкп', NULL),
(633, 160, 'квпкулпкудп', NULL),
(634, 161, 'Фвцвцд вбвцв', NULL),
(635, 161, 'Лаьуцда', NULL),
(636, 161, 'Купкуплкп', NULL),
(637, 161, 'квпкулпкудп', NULL),
(638, 162, 'Фвцвцд вбвцв', NULL),
(639, 162, 'Лаьуцда', NULL),
(640, 162, 'Купкуплкп', NULL),
(641, 162, 'Квпкулпкудп', NULL),
(642, 163, 'Фвцвцд вбвцв', NULL),
(643, 163, 'Лаьуцда', NULL),
(644, 163, 'Купкуплкп', NULL),
(645, 163, 'квпкулпкудп', NULL),
(646, 164, 'Фвцвцд вбвцв', NULL),
(647, 164, 'Лаьуцда', NULL),
(648, 164, 'Купкуплкп', NULL),
(649, 164, 'Квпкулпкудп', NULL),
(650, 165, 'Фвцвцд вбвцв', NULL),
(651, 165, 'Лаьуцда', NULL),
(652, 165, 'Купкуплкп', NULL),
(653, 165, 'квпкулпкудп', NULL),
(654, 166, 'Фвцвцд вбвцв', NULL),
(655, 166, 'Лаьуцда', NULL),
(656, 166, 'Купкуплкп', NULL),
(657, 166, 'квпкулпкудп', NULL),
(658, 167, 'Фвцвцд вбвцв', NULL),
(659, 167, 'Лаьуцда', NULL),
(660, 167, 'Купкуплкп', NULL),
(661, 167, 'Квпкулпкудп', NULL),
(662, 168, 'Фвцвцд вбвцв', NULL),
(663, 168, 'Лаьуцда', NULL),
(664, 168, 'Купкуплкп', NULL),
(665, 168, 'квпкулпкудп', NULL),
(666, 169, 'Фвцвцд вбвцв', NULL),
(667, 169, 'Лаьуцда', NULL),
(668, 169, 'Купкуплкп', NULL),
(669, 169, 'Квпкулпкудп', NULL),
(670, 170, 'Фвцвцд вбвцв', NULL),
(671, 170, 'Лаьуцда', NULL),
(672, 170, 'Купкуплкп', NULL),
(673, 170, 'квпкулпкудп', NULL),
(674, 171, 'Фвцвцд вбвцв', NULL),
(675, 171, 'Лаьуцда', NULL),
(676, 171, 'Купкуплкп', NULL),
(677, 171, 'квпкулпкудп', NULL),
(678, 172, 'Фвцвцд вбвцв', NULL),
(679, 172, 'Лаьуцда', NULL),
(680, 172, 'Купкуплкп', NULL),
(681, 172, 'Квпкулпкудп', NULL),
(682, 173, 'Фвцвцд вбвцв', NULL),
(683, 173, 'Лаьуцда', NULL),
(684, 173, 'Купкуплкп', NULL),
(685, 173, 'квпкулпкудп', NULL),
(686, 174, 'Фвцвцд вбвцв', NULL),
(687, 174, 'Лаьуцда', NULL),
(688, 174, 'Купкуплкп', NULL),
(689, 174, 'Квпкулпкудп', NULL),
(690, 175, 'Фвцвцд вбвцв', NULL),
(691, 175, 'Лаьуцда', NULL),
(692, 175, 'Купкуплкп', NULL),
(693, 175, 'квпкулпкудп', NULL),
(694, 176, 'Фвцвцд вбвцв', NULL),
(695, 176, 'Лаьуцда', NULL),
(696, 176, 'Купкуплкп', NULL),
(697, 176, 'квпкулпкудп', NULL),
(698, 177, 'Фвцвцд вбвцв', NULL),
(699, 177, 'Лаьуцда', NULL),
(700, 177, 'Купкуплкп', NULL),
(701, 177, 'Квпкулпкудп', NULL),
(702, 178, 'Фвцвцд вбвцв', NULL),
(703, 178, 'Лаьуцда', NULL),
(704, 178, 'Купкуплкп', NULL),
(705, 178, 'квпкулпкудп', NULL),
(706, 179, 'Фвцвцд вбвцв', NULL),
(707, 179, 'Лаьуцда', NULL),
(708, 179, 'Купкуплкп', NULL),
(709, 179, 'Квпкулпкудп', NULL),
(710, 180, 'Фвцвцд вбвцв', NULL),
(711, 180, 'Лаьуцда', NULL),
(712, 180, 'Купкуплкп', NULL),
(713, 180, 'квпкулпкудп', NULL),
(714, 181, 'Фвцвцд вбвцв', NULL),
(715, 181, 'Лаьуцда', NULL),
(716, 181, 'Купкуплкп', NULL),
(717, 181, 'квпкулпкудп', NULL),
(718, 182, 'Фвцвцд вбвцв', NULL),
(719, 182, 'Лаьуцда', NULL),
(720, 182, 'Купкуплкп', NULL),
(721, 182, 'Квпкулпкудп', NULL),
(722, 183, 'Фвцвцд вбвцв', NULL),
(723, 183, 'Лаьуцда', NULL),
(724, 183, 'Купкуплкп', NULL),
(725, 183, 'квпкулпкудп', NULL),
(726, 184, 'Фвцвцд вбвцв', NULL),
(727, 184, 'Лаьуцда', NULL),
(728, 184, 'Купкуплкп', NULL),
(729, 184, 'Квпкулпкудп', NULL),
(730, 185, 'Фвцвцд вбвцв', NULL),
(731, 185, 'Лаьуцда', NULL),
(732, 185, 'Купкуплкп', NULL),
(733, 185, 'квпкулпкудп', NULL),
(734, 186, 'Фвцвцд вбвцв', NULL),
(735, 186, 'Лаьуцда', NULL),
(736, 186, 'Купкуплкп', NULL),
(737, 186, 'квпкулпкудп', NULL),
(738, 187, 'Фвцвцд вбвцв', NULL),
(739, 187, 'Лаьуцда', NULL),
(740, 187, 'Купкуплкп', NULL),
(741, 187, 'Квпкулпкудп', NULL),
(742, 188, 'Фвцвцд вбвцв', NULL),
(743, 188, 'Лаьуцда', NULL),
(744, 188, 'Купкуплкп', NULL),
(745, 188, 'квпкулпкудп', NULL),
(746, 189, 'Фвцвцд вбвцв', NULL),
(747, 189, 'Лаьуцда', NULL),
(748, 189, 'Купкуплкп', NULL),
(749, 189, 'Квпкулпкудп', NULL),
(750, 190, 'Фвцвцд вбвцв', NULL),
(751, 190, 'Лаьуцда', NULL),
(752, 190, 'Купкуплкп', NULL),
(753, 190, 'квпкулпкудп', NULL),
(754, 191, 'Фвцвцд вбвцв', NULL),
(755, 191, 'Лаьуцда', NULL),
(756, 191, 'Купкуплкп', NULL),
(757, 191, 'квпкулпкудп', NULL),
(758, 192, 'Фвцвцд вбвцв', NULL),
(759, 192, 'Лаьуцда', NULL),
(760, 192, 'Купкуплкп', NULL),
(761, 192, 'Квпкулпкудп', NULL),
(762, 193, 'Фвцвцд вбвцв', NULL),
(763, 193, 'Лаьуцда', NULL),
(764, 193, 'Купкуплкп', NULL),
(765, 193, 'квпкулпкудп', NULL),
(766, 194, 'Фвцвцд вбвцв', NULL),
(767, 194, 'Лаьуцда', NULL),
(768, 194, 'Купкуплкп', NULL),
(769, 194, 'Квпкулпкудп', NULL),
(770, 195, 'Фвцвцд вбвцв', NULL),
(771, 195, 'Лаьуцда', NULL),
(772, 195, 'Купкуплкп', NULL),
(773, 195, 'квпкулпкудп', NULL),
(774, 196, 'Фвцвцд вбвцв', NULL),
(775, 196, 'Лаьуцда', NULL),
(776, 196, 'Купкуплкп', NULL),
(777, 196, 'квпкулпкудп', NULL),
(778, 197, 'Фвцвцд вбвцв', NULL),
(779, 197, 'Лаьуцда', NULL),
(780, 197, 'Купкуплкп', NULL),
(781, 197, 'Квпкулпкудп', NULL),
(782, 198, 'Фвцвцд вбвцв', NULL),
(783, 198, 'Лаьуцда', NULL),
(784, 198, 'Купкуплкп', NULL),
(785, 198, 'квпкулпкудп', NULL),
(786, 199, 'Фвцвцд вбвцв', NULL),
(787, 199, 'Лаьуцда', NULL),
(788, 199, 'Купкуплкп', NULL),
(789, 199, 'Квпкулпкудп', NULL),
(790, 200, 'Фвцвцд вбвцв', NULL),
(791, 200, 'Лаьуцда', NULL),
(792, 200, 'Купкуплкп', NULL),
(793, 200, 'квпкулпкудп', NULL),
(794, 201, 'Фвцвцд вбвцв', NULL),
(795, 201, 'Лаьуцда', NULL),
(796, 201, 'Купкуплкп', NULL),
(797, 201, 'квпкулпкудп', NULL),
(798, 202, 'Фвцвцд вбвцв', NULL),
(799, 202, 'Лаьуцда', NULL),
(800, 202, 'Купкуплкп', NULL),
(801, 202, 'Квпкулпкудп', NULL),
(802, 203, 'Фвцвцд вбвцв', NULL),
(803, 203, 'Лаьуцда', NULL),
(804, 203, 'Купкуплкп', NULL),
(805, 203, 'квпкулпкудп', NULL),
(806, 204, 'Фвцвцд вбвцв', NULL),
(807, 204, 'Лаьуцда', NULL),
(808, 204, 'Купкуплкп', NULL),
(809, 204, 'Квпкулпкудп', NULL),
(890, 233, 'Фвцвцд вбвцв', NULL),
(891, 233, 'Лаьуцда', NULL),
(892, 233, 'Купкуплкп', NULL),
(893, 233, 'квпкулпкудп', NULL),
(894, 234, 'Фвцвцд вбвцв', NULL),
(895, 234, 'Лаьуцда', NULL),
(896, 234, 'Купкуплкп', NULL),
(897, 234, 'квпкулпкудп', NULL),
(898, 235, 'Фвцвцд вбвцв', NULL),
(899, 235, 'Лаьуцда', NULL),
(900, 235, 'Купкуплкп', NULL),
(901, 235, 'Квпкулпкудп', NULL),
(902, 236, 'Фвцвцд вбвцв', NULL),
(903, 236, 'Лаьуцда', NULL),
(904, 236, 'Купкуплкп', NULL),
(905, 236, 'квпкулпкудп', NULL),
(906, 237, 'Фвцвцд вбвцв', NULL),
(907, 237, 'Лаьуцда', NULL),
(908, 237, 'Купкуплкп', NULL),
(909, 237, 'Квпкулпкудп', NULL),
(910, 238, 'Фвцвцд вбвцв', NULL),
(911, 238, 'Лаьуцда', NULL),
(912, 238, 'Купкуплкп', NULL),
(913, 238, 'квпкулпкудп', NULL),
(914, 239, 'Фвцвцд вбвцв', NULL),
(915, 239, 'Лаьуцда', NULL),
(916, 239, 'Купкуплкп', NULL),
(917, 239, 'квпкулпкудп', NULL),
(918, 240, 'Фвцвцд вбвцв', NULL),
(919, 240, 'Лаьуцда', NULL),
(920, 240, 'Купкуплкп', NULL),
(921, 240, 'Квпкулпкудп', NULL),
(922, 241, 'Фвцвцд вбвцв', NULL),
(923, 241, 'Лаьуцда', NULL),
(924, 241, 'Купкуплкп', NULL),
(925, 241, 'квпкулпкудп', NULL),
(926, 242, 'Фвцвцд вбвцв', NULL),
(927, 242, 'Лаьуцда', NULL),
(928, 242, 'Купкуплкп', NULL),
(929, 242, 'Квпкулпкудп', NULL),
(930, 243, 'Фвцвцд вбвцв', NULL),
(931, 243, 'Лаьуцда', NULL),
(932, 243, 'Купкуплкп', NULL),
(933, 243, 'квпкулпкудп', NULL),
(934, 244, 'Фвцвцд вбвцв', NULL),
(935, 244, 'Лаьуцда', NULL),
(936, 244, 'Купкуплкп', NULL),
(937, 244, 'квпкулпкудп', NULL),
(938, 245, 'Фвцвцд вбвцв', NULL),
(939, 245, 'Лаьуцда', NULL),
(940, 245, 'Купкуплкп', NULL),
(941, 245, 'Квпкулпкудп', NULL),
(942, 246, 'Фвцвцд вбвцв', NULL),
(943, 246, 'Лаьуцда', NULL),
(944, 246, 'Купкуплкп', NULL),
(945, 246, 'квпкулпкудп', NULL),
(946, 247, 'Фвцвцд вбвцв', NULL),
(947, 247, 'Лаьуцда', NULL),
(948, 247, 'Купкуплкп', NULL),
(949, 247, 'Квпкулпкудп', NULL),
(950, 248, 'Фвцвцд вбвцв', NULL),
(951, 248, 'Лаьуцда', NULL),
(952, 248, 'Купкуплкп', NULL),
(953, 248, 'квпкулпкудп', NULL),
(954, 249, 'Фвцвцд вбвцв', NULL),
(955, 249, 'Лаьуцда', NULL),
(956, 249, 'Купкуплкп', NULL),
(957, 249, 'квпкулпкудп', NULL),
(958, 250, 'Фвцвцд вбвцв', NULL),
(959, 250, 'Лаьуцда', NULL),
(960, 250, 'Купкуплкп', NULL),
(961, 250, 'Квпкулпкудп', NULL),
(962, 251, 'Фвцвцд вбвцв', NULL),
(963, 251, 'Лаьуцда', NULL),
(964, 251, 'Купкуплкп', NULL),
(965, 251, 'квпкулпкудп', NULL),
(966, 252, 'Фвцвцд вбвцв', NULL),
(967, 252, 'Лаьуцда', NULL),
(968, 252, 'Купкуплкп', NULL),
(969, 252, 'Квпкулпкудп', NULL);

-- --------------------------------------------------------

--
-- Table structure for table `category`
--

CREATE TABLE `category` (
  `id` int(11) NOT NULL,
  `title` varchar(255) COLLATE utf8mb4_unicode_ci NOT NULL,
  `title_ru` varchar(255) COLLATE utf8mb4_unicode_ci NOT NULL,
  `type` varchar(20) COLLATE utf8mb4_unicode_ci NOT NULL
) ENGINE=InnoDB DEFAULT CHARSET=utf8mb4 COLLATE=utf8mb4_unicode_ci;

--
-- Dumping data for table `category`
--

INSERT INTO `category` (`id`, `title`, `title_ru`, `type`) VALUES
(1, 'Мейіргер ісі', 'Сестринское дело', 'pov'),
(2, 'Акушерлік іс', 'Акушерское дело', 'pov'),
(3, 'Емдеу ісі', 'Лечебное дело', 'pov'),
(4, 'Зертханалық диагностика', 'Лабораторная диагностика', 'pov'),
(5, 'Фармация', 'Фармация', 'pov'),
(6, 'Стоматология', 'Стоматология', 'pov'),
(7, 'Эпидемиология және гигиена ', 'Эпидемиология и гигиена', 'pov'),
(8, 'Әлеуметтік жұмысшы', 'Соц работник', 'pov'),
(9, 'Жалпы тәжірибелік мейіргер', 'Медсестра общей практики', 'cert'),
(10, 'Рентгенологиядағы мейіргер ісі', 'Сестринское дело в рентгенологии', 'cert'),
(11, 'Классикалық және емдік массаж ', 'Классический и лечебный массаж', 'cert'),
(12, 'Мектеп медицинасындағы мейіргер ісі ', 'Сестринское дело в школьной медицине', 'cert'),
(13, 'Семинар, тренинг, шебер-класс', 'Семинар, тренинг, мастер-класс', 'sem'),
(14, 'Съезд, конгресс, конференциялар', 'Съезд, конгресс, конференции', 'sem'),
(15, 'Медициналық білімі жоқ адамдар (парамедик)', 'Лица без медицинского образование (парамедик)', 'sem');

-- --------------------------------------------------------

--
-- Table structure for table `certificate`
--

CREATE TABLE `certificate` (
  `id` int(11) NOT NULL,
  `course_id` int(11) NOT NULL,
  `img_path` varchar(255) COLLATE utf8mb4_unicode_ci DEFAULT NULL
) ENGINE=InnoDB DEFAULT CHARSET=utf8mb4 COLLATE=utf8mb4_unicode_ci;

--
-- Dumping data for table `certificate`
--

INSERT INTO `certificate` (`id`, `course_id`, `img_path`) VALUES
(6, 37, 'certificates/g7hgBHW8.jpg'),
(7, 37, 'certificates/cloAimWI.jpg'),
(9, 37, 'certificates/WlAtxT_W.jpg');

-- --------------------------------------------------------

--
-- Table structure for table `course`
--

CREATE TABLE `course` (
  `id` int(11) NOT NULL,
  `category_id` int(11) NOT NULL,
  `title` varchar(255) COLLATE utf8mb4_unicode_ci NOT NULL,
  `month` varchar(20) COLLATE utf8mb4_unicode_ci DEFAULT NULL,
  `duration` varchar(20) COLLATE utf8mb4_unicode_ci DEFAULT NULL
) ENGINE=InnoDB DEFAULT CHARSET=utf8mb4 COLLATE=utf8mb4_unicode_ci;

--
-- Dumping data for table `course`
--

INSERT INTO `course` (`id`, `category_id`, `title`, `month`, `duration`) VALUES
(37, 1, 'aaa', 'Қаңтар', '1 апта'),
(38, 9, 'bbb', 'Қаңтар', '1 ай'),
(39, 13, 'ccc', NULL, NULL),
(40, 1, 'ddd', 'Қаңтар', '1 апта'),
(41, 1, 'fff', 'Қаңтар', '1 апта');

-- --------------------------------------------------------

--
-- Table structure for table `file`
--

CREATE TABLE `file` (
  `id` int(11) NOT NULL,
  `user_id` int(11) NOT NULL,
  `course_id` int(11) NOT NULL,
  `title` varchar(255) DEFAULT NULL,
  `title_ru` varchar(255) DEFAULT NULL,
  `file_path` varchar(255) DEFAULT NULL,
  `type` varchar(50) NOT NULL
) ENGINE=InnoDB DEFAULT CHARSET=utf8mb4;

--
-- Dumping data for table `file`
--

INSERT INTO `file` (`id`, `user_id`, `course_id`, `title`, `title_ru`, `file_path`, `type`) VALUES
(109, 245, 37, 'Жеке куәлік ', 'Удостоверение личности ', 'documents/y4o63tsM.pdf', 'doc'),
(110, 245, 37, 'Білім туралы диплом ', 'Диплом об оброзование', 'documents/PptIb90T.pdf', 'doc'),
(111, 245, 37, 'Денсаулық сақтау маманының сертификаты ', 'Сертификат специалиста в области здравоохранения', 'documents/Uk0y0DOC.pdf', 'doc'),
(112, 245, 37, 'Біліктілікті арттыру туралы куәлігі ', 'Свидетельство о повышении квалификации специалиста', 'documents/uGy5tNIN.pdf', 'doc'),
(113, 245, 37, 'Неке туралы куәлік (тегін өзгерткен жағдайда)', 'Свидетельство о браке (в случаи смены фамилии)', 'documents/hUAwtLtB.pdf', 'doc'),
(114, 245, 37, 'Мекеме ұйымынан  бұйрық', 'Приказ с организации', 'documents/NX8MD7uS.pdf', 'doc'),
(115, 245, 37, 'Төлем туралы түбіртек', 'Квитанция об оплате', '', 'doc'),
(116, 246, 37, 'Жеке куәлік ', 'Удостоверение личности ', 'documents/2LlvIOCH.pdf', 'doc'),
(117, 246, 37, 'Білім туралы диплом ', 'Диплом об оброзование', 'documents/UHEAKs7Q.pdf', 'doc'),
(118, 246, 37, 'Денсаулық сақтау маманының сертификаты ', 'Сертификат специалиста в области здравоохранения', 'documents/fwXTH3tl.pdf', 'doc'),
(119, 246, 37, 'Біліктілікті арттыру туралы куәлігі ', 'Свидетельство о повышении квалификации специалиста', 'documents/tl6C_jqr.pdf', 'doc'),
(120, 246, 37, 'Неке туралы куәлік (тегін өзгерткен жағдайда)', 'Свидетельство о браке (в случаи смены фамилии)', '', 'doc'),
(121, 246, 37, 'Мекеме ұйымынан  бұйрық', 'Приказ с организации', '', 'doc'),
(122, 246, 37, 'Төлем туралы түбіртек', 'Квитанция об оплате', 'documents/NymQt6ID.pdf', 'doc');

-- --------------------------------------------------------

--
-- Table structure for table `file_type`
--

CREATE TABLE `file_type` (
  `id` int(11) NOT NULL,
  `title` varchar(255) COLLATE utf8mb4_unicode_ci NOT NULL,
  `title_ru` varchar(255) COLLATE utf8mb4_unicode_ci DEFAULT NULL
) ENGINE=InnoDB DEFAULT CHARSET=utf8mb4 COLLATE=utf8mb4_unicode_ci;

--
-- Dumping data for table `file_type`
--

INSERT INTO `file_type` (`id`, `title`, `title_ru`) VALUES
(1, 'Жеке куәлік ', 'Удостоверение личности '),
(2, 'Білім туралы диплом ', 'Диплом об оброзование'),
(3, 'Денсаулық сақтау маманының сертификаты ', 'Сертификат специалиста в области здравоохранения'),
(4, 'Біліктілікті арттыру туралы куәлігі ', 'Свидетельство о повышении квалификации специалиста'),
(5, 'Неке туралы куәлік (тегін өзгерткен жағдайда)', 'Свидетельство о браке (в случаи смены фамилии)'),
(6, 'Мекеме ұйымынан  бұйрық', 'Приказ с организации'),
(7, 'Төлем туралы түбіртек', 'Квитанция об оплате');

-- --------------------------------------------------------

--
-- Table structure for table `place`
--

CREATE TABLE `place` (
  `id` int(11) NOT NULL,
  `score` int(11) NOT NULL
) ENGINE=InnoDB DEFAULT CHARSET=utf8mb4 COLLATE=utf8mb4_unicode_ci;

-- --------------------------------------------------------

--
-- Table structure for table `question`
--

CREATE TABLE `question` (
  `id` int(11) NOT NULL,
  `test_id` int(11) NOT NULL,
  `question` text COLLATE utf8mb4_unicode_ci,
  `answer` int(11) DEFAULT NULL,
  `img_path` varchar(255) COLLATE utf8mb4_unicode_ci DEFAULT NULL
) ENGINE=InnoDB DEFAULT CHARSET=utf8mb4 COLLATE=utf8mb4_unicode_ci;

--
-- Dumping data for table `question`
--

INSERT INTO `question` (`id`, `test_id`, `question`, `answer`, `img_path`) VALUES
(105, 37, 'Уцлдьа дцудль адцлуьа дцлуьа длуцьа.\nУцлдьа дцудль адцлуьа дцлуьа длуцьа.\nУцлдьа дцудль адцлуьа дцлуьа длуцьа.', 410, NULL),
(106, 37, 'Уцлдьа дцудль адцлуьа дцлуьа длуцьа.', 414, NULL),
(107, 37, 'Уцлдьа дцудль  адцлуьа дцлуьа длуцьа.', 418, NULL),
(108, 37, 'Уцлдьа дцудль адцлуьа дцлуьа длуцьа.', 422, NULL),
(109, 37, 'Уцлдьа дцудль адцлуьа дцлуьа длуцьа.', 426, NULL),
(110, 37, 'Уцлдьа дцудль адцлуьа дцлуьа длуцьа.\nУцлдьа дцудль адцлуьа дцлуьа длуцьа.\nУцлдьа дцудль адцлуьа дцлуьа длуцьа.', 430, NULL),
(111, 37, 'Уцлдьа дцудль адцлуьа дцлуьа длуцьа.', 434, NULL),
(112, 37, 'Уцлдьа дцудль  адцлуьа дцлуьа длуцьа.', 438, NULL),
(113, 37, 'Уцлдьа дцудль адцлуьа дцлуьа длуцьа.', 442, NULL),
(114, 37, 'Уцлдьа дцудль адцлуьа дцлуьа длуцьа.', 446, NULL),
(115, 37, 'Уцлдьа дцудль адцлуьа дцлуьа длуцьа.\nУцлдьа дцудль адцлуьа дцлуьа длуцьа.\nУцлдьа дцудль адцлуьа дцлуьа длуцьа.', 450, NULL),
(116, 37, 'Уцлдьа дцудль адцлуьа дцлуьа длуцьа.', 454, NULL),
(117, 37, 'Уцлдьа дцудль  адцлуьа дцлуьа длуцьа.', 458, NULL),
(118, 37, 'Уцлдьа дцудль адцлуьа дцлуьа длуцьа.', 462, NULL),
(119, 37, 'Уцлдьа дцудль адцлуьа дцлуьа длуцьа.', 466, NULL),
(120, 37, 'Уцлдьа дцудль адцлуьа дцлуьа длуцьа.\nУцлдьа дцудль адцлуьа дцлуьа длуцьа.\nУцлдьа дцудль адцлуьа дцлуьа длуцьа.', 470, NULL),
(121, 37, 'Уцлдьа дцудль адцлуьа дцлуьа длуцьа.', 474, NULL),
(122, 37, 'Уцлдьа дцудль  адцлуьа дцлуьа длуцьа.', 478, NULL),
(123, 37, 'Уцлдьа дцудль адцлуьа дцлуьа длуцьа.', 482, NULL),
(124, 37, 'Уцлдьа дцудль адцлуьа дцлуьа длуцьа.', 486, NULL),
(125, 38, 'Уцлдьа дцудль адцлуьа дцлуьа длуцьа.\nУцлдьа дцудль адцлуьа дцлуьа длуцьа.\nУцлдьа дцудль адцлуьа дцлуьа длуцьа.', 490, NULL),
(126, 38, 'Уцлдьа дцудль адцлуьа дцлуьа длуцьа.', 494, NULL),
(127, 38, 'Уцлдьа дцудль  адцлуьа дцлуьа длуцьа.', 498, NULL),
(128, 38, 'Уцлдьа дцудль адцлуьа дцлуьа длуцьа.', 502, NULL),
(129, 38, 'Уцлдьа дцудль адцлуьа дцлуьа длуцьа.', 506, NULL),
(130, 38, 'Уцлдьа дцудль адцлуьа дцлуьа длуцьа.\nУцлдьа дцудль адцлуьа дцлуьа длуцьа.\nУцлдьа дцудль адцлуьа дцлуьа длуцьа.', 510, NULL),
(131, 38, 'Уцлдьа дцудль адцлуьа дцлуьа длуцьа.', 514, NULL),
(132, 38, 'Уцлдьа дцудль  адцлуьа дцлуьа длуцьа.', 518, NULL),
(133, 38, 'Уцлдьа дцудль адцлуьа дцлуьа длуцьа.', 522, NULL),
(134, 38, 'Уцлдьа дцудль адцлуьа дцлуьа длуцьа.', 526, NULL),
(135, 38, 'Уцлдьа дцудль адцлуьа дцлуьа длуцьа.\nУцлдьа дцудль адцлуьа дцлуьа длуцьа.\nУцлдьа дцудль адцлуьа дцлуьа длуцьа.', 530, NULL),
(136, 38, 'Уцлдьа дцудль адцлуьа дцлуьа длуцьа.', 534, NULL),
(137, 38, 'Уцлдьа дцудль  адцлуьа дцлуьа длуцьа.', 538, NULL),
(138, 38, 'Уцлдьа дцудль адцлуьа дцлуьа длуцьа.', 542, NULL),
(139, 38, 'Уцлдьа дцудль адцлуьа дцлуьа длуцьа.', 546, NULL),
(140, 38, 'Уцлдьа дцудль адцлуьа дцлуьа длуцьа.\nУцлдьа дцудль адцлуьа дцлуьа длуцьа.\nУцлдьа дцудль адцлуьа дцлуьа длуцьа.', 550, NULL),
(141, 38, 'Уцлдьа дцудль адцлуьа дцлуьа длуцьа.', 554, NULL),
(142, 38, 'Уцлдьа дцудль  адцлуьа дцлуьа длуцьа.', 558, NULL),
(143, 38, 'Уцлдьа дцудль адцлуьа дцлуьа длуцьа.', 562, NULL),
(144, 38, 'Уцлдьа дцудль адцлуьа дцлуьа длуцьа.', 566, NULL),
(145, 39, 'Уцлдьа дцудль адцлуьа дцлуьа длуцьа.\nУцлдьа дцудль адцлуьа дцлуьа длуцьа.\nУцлдьа дцудль адцлуьа дцлуьа длуцьа.', 570, NULL),
(146, 39, 'Уцлдьа дцудль адцлуьа дцлуьа длуцьа.', 574, NULL),
(147, 39, 'Уцлдьа дцудль  адцлуьа дцлуьа длуцьа.', 578, NULL),
(148, 39, 'Уцлдьа дцудль адцлуьа дцлуьа длуцьа.', 582, NULL),
(149, 39, 'Уцлдьа дцудль адцлуьа дцлуьа длуцьа.', 586, NULL),
(150, 39, 'Уцлдьа дцудль адцлуьа дцлуьа длуцьа.\nУцлдьа дцудль адцлуьа дцлуьа длуцьа.\nУцлдьа дцудль адцлуьа дцлуьа длуцьа.', 590, NULL),
(151, 39, 'Уцлдьа дцудль адцлуьа дцлуьа длуцьа.', 594, NULL),
(152, 39, 'Уцлдьа дцудль  адцлуьа дцлуьа длуцьа.', 598, NULL),
(153, 39, 'Уцлдьа дцудль адцлуьа дцлуьа длуцьа.', 602, NULL),
(154, 39, 'Уцлдьа дцудль адцлуьа дцлуьа длуцьа.', 606, NULL),
(155, 39, 'Уцлдьа дцудль адцлуьа дцлуьа длуцьа.\nУцлдьа дцудль адцлуьа дцлуьа длуцьа.\nУцлдьа дцудль адцлуьа дцлуьа длуцьа.', 610, NULL),
(156, 39, 'Уцлдьа дцудль адцлуьа дцлуьа длуцьа.', 614, NULL),
(157, 39, 'Уцлдьа дцудль  адцлуьа дцлуьа длуцьа.', 618, NULL),
(158, 39, 'Уцлдьа дцудль адцлуьа дцлуьа длуцьа.', 622, NULL),
(159, 39, 'Уцлдьа дцудль адцлуьа дцлуьа длуцьа.', 626, NULL),
(160, 39, 'Уцлдьа дцудль адцлуьа дцлуьа длуцьа.\nУцлдьа дцудль адцлуьа дцлуьа длуцьа.\nУцлдьа дцудль адцлуьа дцлуьа длуцьа.', 630, NULL),
(161, 39, 'Уцлдьа дцудль адцлуьа дцлуьа длуцьа.', 634, NULL),
(162, 39, 'Уцлдьа дцудль  адцлуьа дцлуьа длуцьа.', 638, NULL),
(163, 39, 'Уцлдьа дцудль адцлуьа дцлуьа длуцьа.', 642, NULL),
(164, 39, 'Уцлдьа дцудль адцлуьа дцлуьа длуцьа.', 646, NULL),
(165, 40, 'Уцлдьа дцудль адцлуьа дцлуьа длуцьа.\nУцлдьа дцудль адцлуьа дцлуьа длуцьа.\nУцлдьа дцудль адцлуьа дцлуьа длуцьа.', 650, NULL),
(166, 40, 'Уцлдьа дцудль адцлуьа дцлуьа длуцьа.', 654, NULL),
(167, 40, 'Уцлдьа дцудль  адцлуьа дцлуьа длуцьа.', 658, NULL),
(168, 40, 'Уцлдьа дцудль адцлуьа дцлуьа длуцьа.', 662, NULL),
(169, 40, 'Уцлдьа дцудль адцлуьа дцлуьа длуцьа.', 666, NULL),
(170, 40, 'Уцлдьа дцудль адцлуьа дцлуьа длуцьа.\nУцлдьа дцудль адцлуьа дцлуьа длуцьа.\nУцлдьа дцудль адцлуьа дцлуьа длуцьа.', 670, NULL),
(171, 40, 'Уцлдьа дцудль адцлуьа дцлуьа длуцьа.', 674, NULL),
(172, 40, 'Уцлдьа дцудль  адцлуьа дцлуьа длуцьа.', 678, NULL),
(173, 40, 'Уцлдьа дцудль адцлуьа дцлуьа длуцьа.', 682, NULL),
(174, 40, 'Уцлдьа дцудль адцлуьа дцлуьа длуцьа.', 686, NULL),
(175, 40, 'Уцлдьа дцудль адцлуьа дцлуьа длуцьа.\nУцлдьа дцудль адцлуьа дцлуьа длуцьа.\nУцлдьа дцудль адцлуьа дцлуьа длуцьа.', 690, NULL),
(176, 40, 'Уцлдьа дцудль адцлуьа дцлуьа длуцьа.', 694, NULL),
(177, 40, 'Уцлдьа дцудль  адцлуьа дцлуьа длуцьа.', 698, NULL),
(178, 40, 'Уцлдьа дцудль адцлуьа дцлуьа длуцьа.', 702, NULL),
(179, 40, 'Уцлдьа дцудль адцлуьа дцлуьа длуцьа.', 706, NULL),
(180, 40, 'Уцлдьа дцудль адцлуьа дцлуьа длуцьа.\nУцлдьа дцудль адцлуьа дцлуьа длуцьа.\nУцлдьа дцудль адцлуьа дцлуьа длуцьа.', 710, NULL),
(181, 40, 'Уцлдьа дцудль адцлуьа дцлуьа длуцьа.', 714, NULL),
(182, 40, 'Уцлдьа дцудль  адцлуьа дцлуьа длуцьа.', 718, NULL),
(183, 40, 'Уцлдьа дцудль адцлуьа дцлуьа длуцьа.', 722, NULL),
(184, 40, 'Уцлдьа дцудль адцлуьа дцлуьа длуцьа.', 726, NULL),
(185, 41, 'Уцлдьа дцудль адцлуьа дцлуьа длуцьа.\nУцлдьа дцудль адцлуьа дцлуьа длуцьа.\nУцлдьа дцудль адцлуьа дцлуьа длуцьа.', 730, NULL),
(186, 41, 'Уцлдьа дцудль адцлуьа дцлуьа длуцьа.', 734, NULL),
(187, 41, 'Уцлдьа дцудль  адцлуьа дцлуьа длуцьа.', 738, NULL),
(188, 41, 'Уцлдьа дцудль адцлуьа дцлуьа длуцьа.', 742, NULL),
(189, 41, 'Уцлдьа дцудль адцлуьа дцлуьа длуцьа.', 746, NULL),
(190, 41, 'Уцлдьа дцудль адцлуьа дцлуьа длуцьа.\nУцлдьа дцудль адцлуьа дцлуьа длуцьа.\nУцлдьа дцудль адцлуьа дцлуьа длуцьа.', 750, NULL),
(191, 41, 'Уцлдьа дцудль адцлуьа дцлуьа длуцьа.', 754, NULL),
(192, 41, 'Уцлдьа дцудль  адцлуьа дцлуьа длуцьа.', 758, NULL),
(193, 41, 'Уцлдьа дцудль адцлуьа дцлуьа длуцьа.', 762, NULL),
(194, 41, 'Уцлдьа дцудль адцлуьа дцлуьа длуцьа.', 766, NULL),
(195, 41, 'Уцлдьа дцудль адцлуьа дцлуьа длуцьа.\nУцлдьа дцудль адцлуьа дцлуьа длуцьа.\nУцлдьа дцудль адцлуьа дцлуьа длуцьа.', 770, NULL),
(196, 41, 'Уцлдьа дцудль адцлуьа дцлуьа длуцьа.', 774, NULL),
(197, 41, 'Уцлдьа дцудль  адцлуьа дцлуьа длуцьа.', 778, NULL),
(198, 41, 'Уцлдьа дцудль адцлуьа дцлуьа длуцьа.', 782, NULL),
(199, 41, 'Уцлдьа дцудль адцлуьа дцлуьа длуцьа.', 786, NULL),
(200, 41, 'Уцлдьа дцудль адцлуьа дцлуьа длуцьа.\nУцлдьа дцудль адцлуьа дцлуьа длуцьа.\nУцлдьа дцудль адцлуьа дцлуьа длуцьа.', 790, NULL),
(201, 41, 'Уцлдьа дцудль адцлуьа дцлуьа длуцьа.', 794, NULL),
(202, 41, 'Уцлдьа дцудль  адцлуьа дцлуьа длуцьа.', 798, NULL),
(203, 41, 'Уцлдьа дцудль адцлуьа дцлуьа длуцьа.', 802, NULL),
(204, 41, 'Уцлдьа дцудль адцлуьа дцлуьа длуцьа.', 806, NULL),
(225, 43, 'Уцлдьа дцудль адцлуьа дцлуьа длуцьа.\nУцлдьа дцудль адцлуьа дцлуьа длуцьа.\nУцлдьа дцудль адцлуьа дцлуьа длуцьа.', NULL, NULL),
(226, 43, 'Уцлдьа дцудль адцлуьа дцлуьа длуцьа.', NULL, NULL),
(227, 43, 'Уцлдьа дцудль адцлуьа дцлуьа длуцьа.', NULL, NULL),
(228, 43, 'Уцлдьа дцудль адцлуьа дцлуьа длуцьа.', NULL, NULL),
(233, 45, 'Уцлдьа дцудль адцлуьа дцлуьа длуцьа.\nУцлдьа дцудль адцлуьа дцлуьа длуцьа.\nУцлдьа дцудль адцлуьа дцлуьа длуцьа.', 890, NULL),
(234, 45, 'Уцлдьа дцудль адцлуьа дцлуьа длуцьа.', 894, NULL),
(235, 45, 'Уцлдьа дцудль  адцлуьа дцлуьа длуцьа.', 898, NULL),
(236, 45, 'Уцлдьа дцудль адцлуьа дцлуьа длуцьа.', 902, NULL),
(237, 45, 'Уцлдьа дцудль адцлуьа дцлуьа длуцьа.', 906, NULL),
(238, 45, 'Уцлдьа дцудль адцлуьа дцлуьа длуцьа.\nУцлдьа дцудль адцлуьа дцлуьа длуцьа.\nУцлдьа дцудль адцлуьа дцлуьа длуцьа.', 910, NULL),
(239, 45, 'Уцлдьа дцудль адцлуьа дцлуьа длуцьа.', 914, NULL),
(240, 45, 'Уцлдьа дцудль  адцлуьа дцлуьа длуцьа.', 918, NULL),
(241, 45, 'Уцлдьа дцудль адцлуьа дцлуьа длуцьа.', 922, NULL),
(242, 45, 'Уцлдьа дцудль адцлуьа дцлуьа длуцьа.', 926, NULL),
(243, 45, 'Уцлдьа дцудль адцлуьа дцлуьа длуцьа.\nУцлдьа дцудль адцлуьа дцлуьа длуцьа.\nУцлдьа дцудль адцлуьа дцлуьа длуцьа.', 930, NULL),
(244, 45, 'Уцлдьа дцудль адцлуьа дцлуьа длуцьа.', 934, NULL),
(245, 45, 'Уцлдьа дцудль  адцлуьа дцлуьа длуцьа.', 938, NULL),
(246, 45, 'Уцлдьа дцудль адцлуьа дцлуьа длуцьа.', 942, NULL),
(247, 45, 'Уцлдьа дцудль адцлуьа дцлуьа длуцьа.', 946, NULL),
(248, 45, 'Уцлдьа дцудль адцлуьа дцлуьа длуцьа.\nУцлдьа дцудль адцлуьа дцлуьа длуцьа.\nУцлдьа дцудль адцлуьа дцлуьа длуцьа.', 950, NULL),
(249, 45, 'Уцлдьа дцудль адцлуьа дцлуьа длуцьа.', 954, NULL),
(250, 45, 'Уцлдьа дцудль  адцлуьа дцлуьа длуцьа.', 958, NULL),
(251, 45, 'Уцлдьа дцудль адцлуьа дцлуьа длуцьа.', 962, NULL),
(252, 45, 'Уцлдьа дцудль адцлуьа дцлуьа длуцьа.', 966, NULL),
(253, 46, 'Уцлдьа дцудль адцлуьа дцлуьа длуцьа.\nУцлдьа дцудль адцлуьа дцлуьа длуцьа.\nУцлдьа дцудль адцлуьа дцлуьа длуцьа.', NULL, NULL),
(254, 46, 'Уцлдьа дцудль адцлуьа дцлуьа длуцьа.', NULL, NULL),
(255, 46, 'Уцлдьа дцудль адцлуьа дцлуьа длуцьа.', NULL, NULL),
(256, 46, 'Уцлдьа дцудль адцлуьа дцлуьа длуцьа.', NULL, NULL);

-- --------------------------------------------------------

--
-- Table structure for table `result`
--

CREATE TABLE `result` (
  `id` bigint(20) UNSIGNED NOT NULL,
  `user_id` int(11) NOT NULL,
  `result` int(11) NOT NULL
) ENGINE=InnoDB DEFAULT CHARSET=utf8mb4 COLLATE=utf8mb4_unicode_ci;

-- --------------------------------------------------------

--
-- Table structure for table `test`
--

CREATE TABLE `test` (
  `id` int(11) NOT NULL,
  `course_id` int(11) NOT NULL,
  `type` varchar(50) COLLATE utf8mb4_unicode_ci NOT NULL,
  `lang` varchar(10) COLLATE utf8mb4_unicode_ci NOT NULL,
  `status` varchar(50) COLLATE utf8mb4_unicode_ci NOT NULL DEFAULT 'new',
  `duration` time DEFAULT NULL
) ENGINE=InnoDB DEFAULT CHARSET=utf8mb4 COLLATE=utf8mb4_unicode_ci;

--
-- Dumping data for table `test`
--

INSERT INTO `test` (`id`, `course_id`, `type`, `lang`, `status`, `duration`) VALUES
(37, 37, 'test', 'kz', 'public', '01:00:00'),
(38, 37, 'test', 'kz', 'public', '01:00:00'),
(39, 37, 'test', 'kz', 'public', '01:00:00'),
(40, 37, 'test', 'ru', 'new', '01:00:00'),
(41, 37, 'test', 'ru', 'new', '01:00:00'),
(43, 37, 'survey', 'kz', 'public', NULL),
(45, 37, 'test', 'ru', 'new', '01:00:00'),
(46, 37, 'survey', 'ru', 'new', NULL);

-- --------------------------------------------------------

--
-- Table structure for table `user`
--

CREATE TABLE `user` (
  `id` int(11) NOT NULL,
  `category_id` int(11) DEFAULT NULL,
  `course_id` int(11) DEFAULT NULL,
  `ssn` varchar(255) COLLATE utf8_unicode_ci DEFAULT NULL,
  `name` varchar(255) COLLATE utf8_unicode_ci NOT NULL,
  `telephone` varchar(20) COLLATE utf8_unicode_ci DEFAULT NULL,
  `organization` varchar(255) COLLATE utf8_unicode_ci DEFAULT NULL,
  `auth_key` varchar(32) COLLATE utf8_unicode_ci NOT NULL,
  `password_hash` varchar(255) COLLATE utf8_unicode_ci NOT NULL
) ENGINE=InnoDB DEFAULT CHARSET=utf8 COLLATE=utf8_unicode_ci;

--
-- Dumping data for table `user`
--

INSERT INTO `user` (`id`, `category_id`, `course_id`, `ssn`, `name`, `telephone`, `organization`, `auth_key`, `password_hash`) VALUES
(1, NULL, NULL, 'admin', '', NULL, NULL, 'UtyMhA-2oaZxG2F0x2AHrdAm84ikD4X9', '$2y$13$CrNavEggzV7bHoxNVlrBIeC8pkxErJpI9bXq68oXbPgIXGwOxCjr6'),
(232, 1, 37, '', 'Мухаммедьяров Бейбарыс Жарасович', '87478725287', 'ктл', 'dtxYxVzd6ZlMDy2CEZRZG-ffo9nlfTKM', '$2y$13$xa2orJz58RRVI53OwWQVEumjDh9BEnbUJdl.Caov8WGHScHUvWOEC'),
(234, 1, 37, NULL, 'Мухаммедьяров Бейбарыс Жарасович', '87478725287', '', '-lQNdrRNrC_4FAxL2UrWD0wcZKh8RJZa', '$2y$13$OZQYo/Ipo.JZzJQ4F7pp8OpwSVi9u8Jm8ROo3AAnysp9UkJNwRnKO'),
(235, 1, 37, NULL, 'Мухаммедьяров Бейбарыс Жарасович', '', '', 'He21yR8KrQf8CJVFlPcex5HmoiFGhg16', '$2y$13$xLtM3bzvQWRrIfFtPrMtaeidRO6vCIpw8oETC/7rejXt8h4uVs9m.'),
(236, 1, 37, NULL, 'Мухаммедьяров Бейбарыс Жарасович', '', 'ктл', 'rdbNBP6Z39BmrG5cD7xM1DS4BZykF1dc', '$2y$13$Af8.lsQoQdjSyNR/qqW8tux.jIlWqfLaOwCvc6J5J6XOUgrFbBmtK'),
(237, 1, 37, NULL, 'Мухаммедьяров Бейбарыс Жарасович', '', '', 'scg2gnHLO_MCwoykQlNk4KIcKhQ0jiWw', '$2y$13$V3ABw..XWexxnb8UIpcPTOo/5b1GvQApDNsyQXY7JQJRYm168b7d6'),
(238, 1, 37, NULL, 'Мухаммедьяров Бейбарыс Жарасович', '87478725287', '', 'gvoHu0wjvNgsaUQ8UlN_XsysHJdfwkNF', '$2y$13$VUnNdlffDWOc7846btLcjuX/MP8XYmDCig9Z50BRFjgct6Ih5.3Pi'),
(239, 1, 37, NULL, 'Мухаммедьяров Бейбарыс Жарасович', '', '', 'KMfyaRRK1y_iNugItd0WKZO8lWc48IRF', '$2y$13$Moh4nsFwlLUr2BUUM41YNujk2/kKTOcm/SPXBh5Irq53ZJ8a6Y57C'),
(240, 1, 37, '980330350846', 'Мухаммедьяров Бейбарыс Жарасович', '', 'ктл', 'nWjw1zOiGbJ2LVNbes9JkKGeqstqHcuR', '$2y$13$Ih9vEw1/.PpX/B6UkzR3UevpYi0CnXB7y7wOjFSEI/1E/Ws80Hw/e'),
(241, 1, 37, NULL, 'Мухаммедьяров Бейбарыс Жарасович', '', '', '5y0bmlJ-_hhyD_WGvr2cVVdEGwuLblJ6', '$2y$13$XoRTeNlMdYFJandqaV.Mi.clVpP6GYqJzbL/FIX2e93/dq9odwkQO'),
(242, 1, 37, '', 'Мухаммедьяров Бейбарыс Жарасович', '', '', '4Fs5ev-ezZ06-qVz5GUqp_4W7CCa3ixy', '$2y$13$jIiVLc6pUwKX/FjQsMLSf.OOuGIRCNxDJolCwbG7l5Lza37R0dX6a'),
(243, 9, 38, '', 'Мухаммедьяров Бейбарыс Жарасович', '', '', 'wRkshHE4HVs0hZCE0qwWc8PCixlM9X1x', '$2y$13$uXCseT3yYVRCSNBnUAUYd.16IoFV2ubNgA2ht.I591CgeSY2gkigS'),
(244, 13, 39, '', 'Мухаммедьяров Бейбарыс Жарасович', '', '', 'naX0qiDEJhIkIW---0AlUmmoh1JbNYUp', '$2y$13$tvru9TYR/GxDZFq3kRgiUOoprUeFZy4ALuXQGkPa5/5OlbsfjUmZS'),
(245, 1, 37, '980330350847', 'Мухаммедьяров Бейбарыс Жарасович', '87478725287', 'ктл', 'Hk4dYoGJlvQWk9JA9U2IqMGnJV7i73R4', '$2y$13$FKfm2eCNu1RTX7Fnm.UcTOKypGu1DCwfdCakPRAHmm3pW3J3DoA1C'),
(246, 1, 37, '980330350848', 'Мухаммедьяров Бейбарыс Жарасович', '87478725287', 'ниш 2', 'fSGdy6LkriKrAxhW6V4Hj48WafwODHcJ', '$2y$13$N00Mmd/2/0CMpTxOBRe.6eQRseWwreDz6Zk8zWbh2DA74fB1IUpla');

-- --------------------------------------------------------

--
-- Table structure for table `user_answer`
--

CREATE TABLE `user_answer` (
  `id` bigint(20) UNSIGNED NOT NULL,
  `user_id` int(11) NOT NULL,
  `question_id` int(11) NOT NULL,
  `answer_id` int(11) NOT NULL
) ENGINE=InnoDB DEFAULT CHARSET=utf8mb4 COLLATE=utf8mb4_unicode_ci;

--
-- Dumping data for table `user_answer`
--

INSERT INTO `user_answer` (`id`, `user_id`, `question_id`, `answer_id`) VALUES
(16, 240, 105, 413),
(17, 240, 106, 416),
(18, 240, 107, 421),
(19, 240, 108, 423),
(20, 240, 109, 426),
(21, 240, 110, 430),
(22, 240, 111, 435),
(23, 240, 112, 439),
(24, 240, 113, 442),
(25, 240, 114, 446),
(26, 240, 115, 452),
(27, 240, 116, 456),
(28, 240, 117, 461),
(29, 240, 118, 463),
(30, 240, 119, 469),
(31, 240, 120, 472),
(32, 240, 121, 477),
(33, 240, 122, 478),
(34, 240, 123, 483),
(35, 240, 124, 487),
(36, 246, 105, 411),
(37, 246, 106, 415),
(38, 246, 107, 418),
(39, 246, 108, 424),
(40, 246, 109, 429),
(41, 246, 110, 430),
(42, 246, 111, 437),
(43, 246, 112, 440),
(44, 246, 113, 445),
(45, 246, 114, 449),
(46, 246, 115, 451),
(47, 246, 116, 454),
(48, 246, 117, 459),
(49, 246, 118, 463),
(50, 246, 119, 468),
(51, 246, 120, 470),
(52, 246, 121, 475),
(53, 246, 122, 478),
(54, 246, 123, 485),
(55, 246, 124, 488);

-- --------------------------------------------------------

--
-- Table structure for table `user_survey`
--

CREATE TABLE `user_survey` (
  `id` bigint(20) UNSIGNED NOT NULL,
  `user_id` int(11) NOT NULL,
  `question_id` int(11) NOT NULL,
  `answer` text COLLATE utf8mb4_unicode_ci NOT NULL
) ENGINE=InnoDB DEFAULT CHARSET=utf8mb4 COLLATE=utf8mb4_unicode_ci;

--
-- Dumping data for table `user_survey`
--

INSERT INTO `user_survey` (`id`, `user_id`, `question_id`, `answer`) VALUES
(5, 246, 225, 'asdf'),
(6, 246, 226, 'asdf'),
(7, 246, 227, 'asdf'),
(8, 246, 228, 'asdf');

-- --------------------------------------------------------

--
-- Table structure for table `user_test`
--

CREATE TABLE `user_test` (
  `id` bigint(20) UNSIGNED NOT NULL,
  `user_id` int(11) NOT NULL,
  `test_id` int(11) NOT NULL,
  `start_time` timestamp NULL DEFAULT NULL,
  `end_time` timestamp NULL DEFAULT NULL,
  `result` int(11) DEFAULT NULL
) ENGINE=InnoDB DEFAULT CHARSET=utf8mb4 COLLATE=utf8mb4_unicode_ci;

--
-- Dumping data for table `user_test`
--

INSERT INTO `user_test` (`id`, `user_id`, `test_id`, `start_time`, `end_time`, `result`) VALUES
(7, 240, 37, '2025-04-27 12:36:02', '2025-04-27 12:36:47', 5),
(8, 246, 37, '2025-04-27 12:55:28', '2025-04-27 12:56:15', 5),
(9, 246, 43, '2025-04-27 12:58:13', '2025-04-27 12:58:30', NULL);

--
-- Indexes for dumped tables
--

--
-- Indexes for table `answer`
--
ALTER TABLE `answer`
  ADD PRIMARY KEY (`id`),
  ADD KEY `question_id` (`question_id`);

--
-- Indexes for table `category`
--
ALTER TABLE `category`
  ADD PRIMARY KEY (`id`);

--
-- Indexes for table `certificate`
--
ALTER TABLE `certificate`
  ADD PRIMARY KEY (`id`),
  ADD KEY `course_id` (`course_id`);

--
-- Indexes for table `course`
--
ALTER TABLE `course`
  ADD PRIMARY KEY (`id`),
  ADD KEY `course_category_fk` (`category_id`);

--
-- Indexes for table `file`
--
ALTER TABLE `file`
  ADD PRIMARY KEY (`id`),
  ADD KEY `course_id` (`course_id`),
  ADD KEY `fk_file_user` (`user_id`);

--
-- Indexes for table `file_type`
--
ALTER TABLE `file_type`
  ADD PRIMARY KEY (`id`);

--
-- Indexes for table `place`
--
ALTER TABLE `place`
  ADD PRIMARY KEY (`id`);

--
-- Indexes for table `question`
--
ALTER TABLE `question`
  ADD PRIMARY KEY (`id`),
  ADD KEY `test_id` (`test_id`);

--
-- Indexes for table `result`
--
ALTER TABLE `result`
  ADD PRIMARY KEY (`id`),
  ADD UNIQUE KEY `id` (`id`),
  ADD KEY `result_ibfk_1` (`user_id`);

--
-- Indexes for table `test`
--
ALTER TABLE `test`
  ADD PRIMARY KEY (`id`),
  ADD KEY `course_id` (`course_id`);

--
-- Indexes for table `user`
--
ALTER TABLE `user`
  ADD PRIMARY KEY (`id`),
  ADD KEY `fk_course` (`course_id`),
  ADD KEY `fk_category` (`category_id`);

--
-- Indexes for table `user_answer`
--
ALTER TABLE `user_answer`
  ADD PRIMARY KEY (`id`),
  ADD UNIQUE KEY `id` (`id`),
  ADD KEY `user_answer_ibfk_1` (`user_id`),
  ADD KEY `user_answer_ibfk_2` (`question_id`),
  ADD KEY `user_answer_ibfk_3` (`answer_id`);

--
-- Indexes for table `user_survey`
--
ALTER TABLE `user_survey`
  ADD PRIMARY KEY (`id`),
  ADD KEY `user_id` (`user_id`),
  ADD KEY `question_id` (`question_id`);

--
-- Indexes for table `user_test`
--
ALTER TABLE `user_test`
  ADD PRIMARY KEY (`id`),
  ADD UNIQUE KEY `id` (`id`),
  ADD KEY `user_test_ibfk_1` (`user_id`),
  ADD KEY `user_test_ibfk_2` (`test_id`);

--
-- AUTO_INCREMENT for dumped tables
--

--
-- AUTO_INCREMENT for table `answer`
--
ALTER TABLE `answer`
  MODIFY `id` int(11) NOT NULL AUTO_INCREMENT, AUTO_INCREMENT=970;

--
-- AUTO_INCREMENT for table `category`
--
ALTER TABLE `category`
  MODIFY `id` int(11) NOT NULL AUTO_INCREMENT, AUTO_INCREMENT=16;

--
-- AUTO_INCREMENT for table `certificate`
--
ALTER TABLE `certificate`
  MODIFY `id` int(11) NOT NULL AUTO_INCREMENT, AUTO_INCREMENT=10;

--
-- AUTO_INCREMENT for table `course`
--
ALTER TABLE `course`
  MODIFY `id` int(11) NOT NULL AUTO_INCREMENT, AUTO_INCREMENT=42;

--
-- AUTO_INCREMENT for table `file`
--
ALTER TABLE `file`
  MODIFY `id` int(11) NOT NULL AUTO_INCREMENT, AUTO_INCREMENT=123;

--
-- AUTO_INCREMENT for table `file_type`
--
ALTER TABLE `file_type`
  MODIFY `id` int(11) NOT NULL AUTO_INCREMENT, AUTO_INCREMENT=8;

--
-- AUTO_INCREMENT for table `place`
--
ALTER TABLE `place`
  MODIFY `id` int(11) NOT NULL AUTO_INCREMENT;

--
-- AUTO_INCREMENT for table `question`
--
ALTER TABLE `question`
  MODIFY `id` int(11) NOT NULL AUTO_INCREMENT, AUTO_INCREMENT=257;

--
-- AUTO_INCREMENT for table `result`
--
ALTER TABLE `result`
  MODIFY `id` bigint(20) UNSIGNED NOT NULL AUTO_INCREMENT, AUTO_INCREMENT=2;

--
-- AUTO_INCREMENT for table `test`
--
ALTER TABLE `test`
  MODIFY `id` int(11) NOT NULL AUTO_INCREMENT, AUTO_INCREMENT=47;

--
-- AUTO_INCREMENT for table `user`
--
ALTER TABLE `user`
  MODIFY `id` int(11) NOT NULL AUTO_INCREMENT, AUTO_INCREMENT=247;

--
-- AUTO_INCREMENT for table `user_answer`
--
ALTER TABLE `user_answer`
  MODIFY `id` bigint(20) UNSIGNED NOT NULL AUTO_INCREMENT, AUTO_INCREMENT=56;

--
-- AUTO_INCREMENT for table `user_survey`
--
ALTER TABLE `user_survey`
  MODIFY `id` bigint(20) UNSIGNED NOT NULL AUTO_INCREMENT, AUTO_INCREMENT=9;

--
-- AUTO_INCREMENT for table `user_test`
--
ALTER TABLE `user_test`
  MODIFY `id` bigint(20) UNSIGNED NOT NULL AUTO_INCREMENT, AUTO_INCREMENT=10;

--
-- Constraints for dumped tables
--

--
-- Constraints for table `answer`
--
ALTER TABLE `answer`
  ADD CONSTRAINT `answer_ibfk_1` FOREIGN KEY (`question_id`) REFERENCES `question` (`id`) ON DELETE CASCADE ON UPDATE CASCADE;

--
-- Constraints for table `certificate`
--
ALTER TABLE `certificate`
  ADD CONSTRAINT `certificate_ibfk_1` FOREIGN KEY (`course_id`) REFERENCES `course` (`id`) ON DELETE CASCADE ON UPDATE CASCADE;

--
-- Constraints for table `course`
--
ALTER TABLE `course`
  ADD CONSTRAINT `course_category_fk` FOREIGN KEY (`category_id`) REFERENCES `category` (`id`) ON DELETE CASCADE ON UPDATE CASCADE;

--
-- Constraints for table `file`
--
ALTER TABLE `file`
  ADD CONSTRAINT `file_ibfk_2` FOREIGN KEY (`course_id`) REFERENCES `course` (`id`) ON DELETE CASCADE,
  ADD CONSTRAINT `fk_file_user` FOREIGN KEY (`user_id`) REFERENCES `user` (`id`) ON DELETE CASCADE;

--
-- Constraints for table `question`
--
ALTER TABLE `question`
  ADD CONSTRAINT `question_ibfk_1` FOREIGN KEY (`test_id`) REFERENCES `test` (`id`) ON DELETE CASCADE ON UPDATE CASCADE;

--
-- Constraints for table `result`
--
ALTER TABLE `result`
  ADD CONSTRAINT `result_ibfk_1` FOREIGN KEY (`user_id`) REFERENCES `user` (`id`) ON DELETE CASCADE;

--
-- Constraints for table `test`
--
ALTER TABLE `test`
  ADD CONSTRAINT `test_ibfk_1` FOREIGN KEY (`course_id`) REFERENCES `course` (`id`) ON DELETE CASCADE ON UPDATE CASCADE;

--
-- Constraints for table `user`
--
ALTER TABLE `user`
  ADD CONSTRAINT `fk_category` FOREIGN KEY (`category_id`) REFERENCES `category` (`id`) ON DELETE CASCADE ON UPDATE CASCADE,
  ADD CONSTRAINT `fk_course` FOREIGN KEY (`course_id`) REFERENCES `course` (`id`) ON DELETE CASCADE ON UPDATE CASCADE;

--
-- Constraints for table `user_answer`
--
ALTER TABLE `user_answer`
  ADD CONSTRAINT `user_answer_ibfk_1` FOREIGN KEY (`user_id`) REFERENCES `user` (`id`) ON DELETE CASCADE ON UPDATE CASCADE,
  ADD CONSTRAINT `user_answer_ibfk_2` FOREIGN KEY (`question_id`) REFERENCES `question` (`id`) ON DELETE CASCADE ON UPDATE CASCADE,
  ADD CONSTRAINT `user_answer_ibfk_3` FOREIGN KEY (`answer_id`) REFERENCES `answer` (`id`) ON DELETE CASCADE ON UPDATE CASCADE;

--
-- Constraints for table `user_survey`
--
ALTER TABLE `user_survey`
  ADD CONSTRAINT `user_survey_ibfk_1` FOREIGN KEY (`user_id`) REFERENCES `user` (`id`) ON DELETE CASCADE ON UPDATE CASCADE,
  ADD CONSTRAINT `user_survey_ibfk_2` FOREIGN KEY (`question_id`) REFERENCES `question` (`id`) ON DELETE CASCADE ON UPDATE CASCADE;

--
-- Constraints for table `user_test`
--
ALTER TABLE `user_test`
  ADD CONSTRAINT `user_test_ibfk_1` FOREIGN KEY (`user_id`) REFERENCES `user` (`id`) ON DELETE CASCADE ON UPDATE CASCADE,
  ADD CONSTRAINT `user_test_ibfk_2` FOREIGN KEY (`test_id`) REFERENCES `test` (`id`) ON DELETE CASCADE ON UPDATE CASCADE;
COMMIT;

/*!40101 SET CHARACTER_SET_CLIENT=@OLD_CHARACTER_SET_CLIENT */;
/*!40101 SET CHARACTER_SET_RESULTS=@OLD_CHARACTER_SET_RESULTS */;
/*!40101 SET COLLATION_CONNECTION=@OLD_COLLATION_CONNECTION */;
